banner_type,rarity,win_rate_pct
Character Event,4,51.14503816793893
Character Event,5,60.526315789473685
Weapon Event,4,74.10714285714286
Weapon Event,5,57.14285714285714
